id,first_name,last_name,email,gender,ip_address
1,Constantino,Ranger,cranger0@ehow.com,Male,125.40.96.91
2,Tyne,Chitson,tchitson1@prlog.org,Female,153.82.17.45
3,Torrey,Duffie,tduffie2@bravesites.com,Male,192.160.77.249
4,Birk,Maddigan,bmaddigan3@blogspot.com,Male,191.179.31.78
5,Ardisj,Kneath,akneath4@google.ca,Female,33.253.74.215
6,Kissee,Ffrench,kffrench5@discovery.com,Female,248.24.160.39
7,Cody,Banke,cbanke6@privacy.gov.au,Female,129.178.131.3
8,Lorelle,Zeale,lzeale7@forbes.com,Female,178.49.80.15
9,Engelbert,Rapp,erapp8@wordpress.org,Male,238.190.102.156
10,Emmanuel,Mercik,emercik9@adobe.com,Male,198.24.191.153
